Materia,Promedio Calificaciones
Historia,80
Lenguaje,79
Educación Física,53
Educación Física,66
Matemáticas,68
Lenguaje,84
Lenguaje,81
Lenguaje,100
Matemáticas,66
Ciencias,71
Lenguaje,54
Matemáticas,64
Lenguaje,90
Educación Física,55
Historia,55
Educación Física,53
Lenguaje,100
Ciencias,58
Ciencias,82
Educación Física,77
Educación Física,93
Matemáticas,90
Lenguaje,97
Educación Física,55
Historia,59
Educación Física,53
Ciencias,69
Educación Física,65
Matemáticas,74
Ciencias,58
Matemáticas,85
Educación Física,83
Ciencias,65
Matemáticas,78
Historia,90
Educación Física,98
Lenguaje,52
Matemáticas,77
Ciencias,77
Ciencias,74
Educación Física,67
Historia,77
Historia,98
Lenguaje,86
Historia,66
Ciencias,86
Lenguaje,78
Ciencias,69
Educación Física,63
Educación Física,50
Historia,55
Educación Física,90
Historia,52
Educación Física,99
Lenguaje,56
Ciencias,99
Lenguaje,86
Matemáticas,51
Historia,96
Historia,91
Matemáticas,73
Ciencias,74
Lenguaje,79
Lenguaje,78
Matemáticas,70
Lenguaje,84
Matemáticas,100
Matemáticas,63
Matemáticas,83
Lenguaje,50
Matemáticas,86
Educación Física,54
Ciencias,89
Educación Física,73
Educación Física,87
Matemáticas,57
Lenguaje,84
Lenguaje,63
Matemáticas,78
Ciencias,75
Lenguaje,67
Historia,52
Matemáticas,83
Ciencias,78
Matemáticas,69
Lenguaje,92
Matemáticas,88
Educación Física,99
Historia,81
Matemáticas,79
Ciencias,65
Ciencias,55
Ciencias,55
Matemáticas,72
Lenguaje,68
Educación Física,77
Educación Física,100
Lenguaje,71
Lenguaje,68
Educación Física,94
Educación Física,54
Educación Física,87
Matemáticas,93
Lenguaje,71
Matemáticas,51
Historia,76
Educación Física,68
Matemáticas,91
Lenguaje,66
Matemáticas,96
Educación Física,98
Lenguaje,97
Matemáticas,57
Ciencias,52
Lenguaje,96
Lenguaje,65
Ciencias,100
Ciencias,81
Historia,74
Historia,55
Lenguaje,51
Matemáticas,86
Historia,95
Lenguaje,63
Ciencias,71
Historia,88
Historia,90
Lenguaje,78
Ciencias,87
Ciencias,100
Educación Física,91
Matemáticas,85
Ciencias,62
Historia,78
Ciencias,79
Ciencias,79
Matemáticas,81
Lenguaje,84
Historia,96
Historia,62
Ciencias,66
Educación Física,64
Educación Física,62
Lenguaje,54
Matemáticas,53
Ciencias,52
Educación Física,74
Historia,75
Lenguaje,92
Lenguaje,61
Matemáticas,99
Ciencias,77
Matemáticas,69
Matemáticas,90
Lenguaje,56
Lenguaje,62
Historia,87
Historia,85
Matemáticas,90
Ciencias,68
Matemáticas,64
Lenguaje,68
Historia,69
Matemáticas,56
Ciencias,58
Lenguaje,82
Ciencias,86
Historia,87
Educación Física,99
Educación Física,54
Matemáticas,87
Ciencias,90
Educación Física,68
Ciencias,64
Ciencias,73
Matemáticas,86
Historia,52
Lenguaje,59
Ciencias,81
Matemáticas,97
Educación Física,75
Educación Física,97
Educación Física,53
Historia,70
Historia,51
Lenguaje,66
Educación Física,72
Educación Física,58
Matemáticas,61
Historia,56
Historia,67
Lenguaje,85
Lenguaje,82
Matemáticas,60
Historia,74
Educación Física,64
Historia,83
Educación Física,92
Matemáticas,65
Ciencias,60
Ciencias,96
Ciencias,89
Lenguaje,90
Lenguaje,75
Educación Física,83
Educación Física,58
Historia,59
Matemáticas,99
Lenguaje,88
Historia,66
Educación Física,63
Lenguaje,83
Lenguaje,63
Lenguaje,78
Ciencias,100
Lenguaje,68
Matemáticas,84
Matemáticas,50
Educación Física,99
Ciencias,81
Historia,72
Ciencias,63
Lenguaje,52
Ciencias,73
Lenguaje,59
Matemáticas,67
Matemáticas,71
Historia,60
Historia,79
Historia,72
Matemáticas,50
Matemáticas,64
Lenguaje,97
Lenguaje,53
Matemáticas,95
Lenguaje,67
Educación Física,84
Lenguaje,99
Historia,53
Historia,55
Matemáticas,59
Historia,51
Ciencias,61
Ciencias,96
Educación Física,96
Ciencias,85
Matemáticas,86
Matemáticas,99
Ciencias,55
Historia,94
Historia,97
Educación Física,60
Matemáticas,75
Ciencias,67
Matemáticas,54
Historia,58
Lenguaje,87
Educación Física,64
Historia,54
Ciencias,87
Historia,61
Educación Física,70
Matemáticas,59
Ciencias,65
Educación Física,83
Matemáticas,69
Historia,95
Educación Física,67
Educación Física,100
Matemáticas,53
Historia,85
Historia,78
Lenguaje,74
Historia,61
Historia,63
Lenguaje,99
Lenguaje,54
Educación Física,99
Historia,57
Ciencias,98
Educación Física,63
Historia,65
Ciencias,82
Lenguaje,65
Lenguaje,89
Ciencias,51
Historia,59
Lenguaje,99
Historia,83
Lenguaje,86
Matemáticas,77
Lenguaje,99
Matemáticas,94
Lenguaje,69
Matemáticas,77
Ciencias,83
Educación Física,59
Educación Física,80
Ciencias,58
Educación Física,62
Matemáticas,89
Educación Física,78
Matemáticas,60
Ciencias,73
Ciencias,63
Lenguaje,59
Lenguaje,68
Ciencias,80
Matemáticas,63
Lenguaje,88
Lenguaje,100
Ciencias,66
Educación Física,81
Lenguaje,58
Historia,72
Historia,91
Historia,60
Ciencias,64
Educación Física,84
Historia,62
Lenguaje,65
Ciencias,53
Lenguaje,78
Matemáticas,73
Historia,77
Educación Física,59
Ciencias,58
Ciencias,83
Matemáticas,62
Historia,51
Ciencias,79
Lenguaje,52
Lenguaje,94
Historia,92
Historia,85
Matemáticas,66
Historia,68
Matemáticas,79
Educación Física,85
Ciencias,76
Historia,52
Historia,71
Ciencias,100
Educación Física,76
Ciencias,68
Ciencias,71
Educación Física,91
Lenguaje,71
Historia,59
Lenguaje,59
Ciencias,98
Ciencias,87
Lenguaje,82
Educación Física,87
Lenguaje,55
Lenguaje,66
Lenguaje,66
Lenguaje,86
Matemáticas,70
Matemáticas,70
Ciencias,52
Educación Física,79
Matemáticas,61
Educación Física,68
Lenguaje,67
Educación Física,84
Ciencias,52
Lenguaje,96
Educación Física,100
Educación Física,84
Matemáticas,59
Ciencias,74
Matemáticas,94
Matemáticas,58
Historia,70
Educación Física,65
Ciencias,74
Matemáticas,50
Educación Física,84
Matemáticas,56
Ciencias,91
Ciencias,61
Historia,67
Lenguaje,90
Ciencias,64
Lenguaje,85
Ciencias,67
Matemáticas,76
Historia,64
Lenguaje,97
Historia,55
Educación Física,83
Matemáticas,60
Ciencias,58
Historia,71
Lenguaje,96
Historia,59
Matemáticas,59
Lenguaje,66
Lenguaje,50
Matemáticas,55
Lenguaje,93
Historia,86
Lenguaje,61
Educación Física,57
Matemáticas,88
Historia,85
Historia,78
Lenguaje,76
Historia,86
Lenguaje,100
Historia,80
Historia,74
Ciencias,50
Educación Física,50
Educación Física,65
Matemáticas,77
Educación Física,68
Historia,92
Educación Física,82
Matemáticas,56
Matemáticas,80
Educación Física,81
Lenguaje,56
Matemáticas,93
Ciencias,58
Matemáticas,89
Educación Física,93
Ciencias,74
Matemáticas,91
Lenguaje,80
Lenguaje,76
Lenguaje,69
Historia,85
Educación Física,66
Historia,78
Educación Física,64
Historia,87
Historia,61
Ciencias,61
Lenguaje,70
Educación Física,63
Lenguaje,65
Lenguaje,59
Ciencias,52
Matemáticas,94
Educación Física,53
Ciencias,91
Educación Física,58
Educación Física,68
Ciencias,55
Ciencias,57
Ciencias,70
Ciencias,59
Historia,70
Lenguaje,89
Matemáticas,71
Historia,74
Educación Física,91
Historia,72
Educación Física,98
Lenguaje,64
Lenguaje,78
Historia,70
Educación Física,83
Historia,81
Educación Física,96
Historia,65
Ciencias,57
Matemáticas,80
Ciencias,100
Matemáticas,62
Lenguaje,93
Historia,93
Educación Física,87
Matemáticas,85
Historia,92
Historia,96
Lenguaje,100
Ciencias,61
Lenguaje,99
Educación Física,99
Historia,64
Educación Física,59
Ciencias,54
Ciencias,50
Educación Física,77
Ciencias,82
Ciencias,52
Ciencias,54
Historia,70
Educación Física,77
Ciencias,95
Lenguaje,89
Lenguaje,65
Historia,89
Matemáticas,62
Ciencias,91
Educación Física,88
Ciencias,72
Matemáticas,93
Lenguaje,62
Historia,73
Historia,80
Ciencias,93
Lenguaje,94
Historia,66
Matemáticas,72
Historia,62
Historia,100
Ciencias,55
Lenguaje,67
Lenguaje,54
Lenguaje,51
Lenguaje,54
Matemáticas,90
Matemáticas,95
Lenguaje,64
Ciencias,86
Matemáticas,62
Educación Física,57
Matemáticas,94
Lenguaje,88
Matemáticas,69
Matemáticas,64
Matemáticas,66
Lenguaje,79
Matemáticas,92
Educación Física,95
Ciencias,56
Historia,87
Historia,72
Lenguaje,51
Matemáticas,95
Lenguaje,100
Educación Física,62
Historia,83
Ciencias,57
Historia,62
Historia,69
Educación Física,70
Educación Física,54
Ciencias,78
Ciencias,81
Matemáticas,98
Historia,61
Ciencias,50
Historia,92
Educación Física,67
Lenguaje,56
Matemáticas,62
Matemáticas,56
Ciencias,98
Educación Física,100
Educación Física,74
Historia,94
Educación Física,65
Historia,64
Educación Física,71
Lenguaje,63
Matemáticas,75
Educación Física,85
Educación Física,54
Lenguaje,94
Historia,71
Historia,78
Matemáticas,72
Lenguaje,71
Ciencias,98
Historia,71
Educación Física,85
Ciencias,80
Matemáticas,82
Matemáticas,72
Educación Física,70
Matemáticas,76
Matemáticas,66
Ciencias,67
Lenguaje,68
Matemáticas,74
Matemáticas,62
Lenguaje,92
Matemáticas,58
Historia,97
Matemáticas,78
Ciencias,93
Lenguaje,84
Ciencias,90
Educación Física,64
Ciencias,98
Lenguaje,70
Historia,89
Historia,79
Educación Física,64
Ciencias,85
Educación Física,52
Educación Física,59
Educación Física,91
Educación Física,79
Ciencias,100
Ciencias,65
Ciencias,82
Ciencias,64
Historia,59
Matemáticas,64
Matemáticas,57
Historia,87
Matemáticas,59
Matemáticas,71
Ciencias,90
Lenguaje,51
Ciencias,71
Lenguaje,92
Lenguaje,87
Matemáticas,52
Ciencias,99
Educación Física,63
Lenguaje,80
Educación Física,88
Matemáticas,54
Lenguaje,53
Ciencias,79
Lenguaje,92
Historia,89
Historia,58
Educación Física,91
Historia,90
Educación Física,50
Lenguaje,77
Lenguaje,93
Lenguaje,81
Lenguaje,96
Matemáticas,57
Ciencias,97
Educación Física,76
Lenguaje,93
Ciencias,75
Lenguaje,71
Historia,88
Educación Física,79
Historia,95
Educación Física,94
Historia,55
Historia,93
Lenguaje,81
Historia,66
Matemáticas,62
Lenguaje,92
Educación Física,81
Matemáticas,97
Lenguaje,73
Ciencias,53
Historia,58
Ciencias,92
Educación Física,53
Educación Física,95
Matemáticas,94
Historia,57
Ciencias,95
Matemáticas,51
Lenguaje,73
Educación Física,90
Ciencias,100
Educación Física,93
Ciencias,63
Lenguaje,51
Educación Física,87
Historia,71
Educación Física,93
Educación Física,90
Educación Física,94
Matemáticas,69
Matemáticas,51
Educación Física,50
Lenguaje,83
Educación Física,84
Historia,56
Ciencias,81
Lenguaje,87
Historia,75
Lenguaje,75
Historia,88
Lenguaje,94
Matemáticas,87
Matemáticas,80
Historia,77
Historia,87
Historia,76
Matemáticas,66
Historia,79
Lenguaje,73
Lenguaje,67
Ciencias,59
Educación Física,99
Educación Física,55
Educación Física,88
Matemáticas,68
Educación Física,54
Ciencias,64
Ciencias,87
Lenguaje,86
Historia,68
Lenguaje,83
Historia,58
Matemáticas,58
Historia,68
Educación Física,83
Ciencias,82
Educación Física,74
Ciencias,97
Matemáticas,73
Historia,68
Educación Física,89
Historia,73
Matemáticas,75
Historia,60
Historia,96
Ciencias,60
Ciencias,77
Educación Física,79
Matemáticas,63
Historia,72
Ciencias,84
Educación Física,66
Historia,73
Ciencias,89
Educación Física,100
Ciencias,77
Educación Física,75
Lenguaje,85
Ciencias,60
Ciencias,85
Educación Física,96
Ciencias,94
Matemáticas,77
Ciencias,56
Educación Física,78
Educación Física,87
Educación Física,86
Educación Física,57
Educación Física,50
Ciencias,69
Ciencias,77
Lenguaje,58
Historia,78
Educación Física,69
Ciencias,68
Educación Física,89
Matemáticas,50
Matemáticas,78
Lenguaje,86
Historia,88
Matemáticas,71
Educación Física,60
Ciencias,95
Lenguaje,77
Educación Física,91
Matemáticas,72
Ciencias,73
Ciencias,99
Educación Física,82
Educación Física,98
Educación Física,78
Matemáticas,89
Ciencias,95
Ciencias,75
Lenguaje,81
Educación Física,67
Ciencias,79
Lenguaje,87
Ciencias,58
Educación Física,81
Ciencias,88
Historia,90
Educación Física,50
Historia,53
Lenguaje,57
Educación Física,59
Educación Física,89
Lenguaje,57
Historia,59
Educación Física,74
Ciencias,84
Educación Física,81
Historia,57
Lenguaje,89
Educación Física,56
Historia,74
Ciencias,60
Historia,72
Historia,62
Lenguaje,59
Ciencias,88
Matemáticas,57
Matemáticas,70
Ciencias,77
Matemáticas,95
Educación Física,99
Historia,66
Historia,98
Matemáticas,66
Lenguaje,68
Lenguaje,64
Educación Física,58
Matemáticas,81
Historia,91
Ciencias,59
Lenguaje,95
Matemáticas,78
Ciencias,97
Lenguaje,97
Educación Física,64
Lenguaje,98
Matemáticas,59
Ciencias,63
Lenguaje,59
Educación Física,79
Historia,62
Matemáticas,63
Ciencias,96
Lenguaje,98
Historia,62
Lenguaje,92
Lenguaje,59
Matemáticas,78
Educación Física,95
Lenguaje,67
Historia,71
Historia,57
Historia,53
Lenguaje,94
Educación Física,69
Historia,94
Lenguaje,78
Historia,97
Lenguaje,92
Matemáticas,50
Educación Física,72
Historia,86
Historia,50
Lenguaje,77
Lenguaje,93
Educación Física,62
Educación Física,61
Lenguaje,60
Ciencias,93
Historia,93
Ciencias,50
Educación Física,76
Lenguaje,90
Historia,86
Matemáticas,84
Matemáticas,60
Educación Física,74
Historia,53
Lenguaje,89
Matemáticas,70
Matemáticas,90
Lenguaje,83
Historia,56
Matemáticas,85
Lenguaje,59
Matemáticas,57
Historia,86
Ciencias,89
Educación Física,87
Historia,61
Ciencias,100
Matemáticas,83
Matemáticas,83
Historia,76
Historia,85
Matemáticas,85
Matemáticas,67
Matemáticas,96
Historia,81
Lenguaje,55
Historia,72
Educación Física,72
Matemáticas,84
Matemáticas,85
Matemáticas,55
Matemáticas,67
Matemáticas,62
Ciencias,82
Ciencias,76
Lenguaje,58
Lenguaje,61
Historia,79
Lenguaje,50
Historia,94
Matemáticas,70
Lenguaje,94
Ciencias,77
Educación Física,84
Lenguaje,71
Matemáticas,100
Ciencias,73
Ciencias,83
Ciencias,55
Historia,70
Educación Física,86
Ciencias,99
Ciencias,96
Matemáticas,88
Matemáticas,51
Ciencias,87
Historia,64
Ciencias,89
Matemáticas,98
Historia,97
Matemáticas,100
Ciencias,84
Ciencias,96
Educación Física,82
Lenguaje,92
Matemáticas,50
Ciencias,89
Educación Física,96
Lenguaje,91
Educación Física,71
Matemáticas,64
Ciencias,82
Matemáticas,70
Educación Física,74
Historia,51
Historia,81
Historia,87
Educación Física,59
Ciencias,76
Matemáticas,82
Lenguaje,65
Ciencias,65
Ciencias,76
Ciencias,98
Historia,67
Matemáticas,84
Ciencias,82
Matemáticas,86
Matemáticas,83
Ciencias,91
Historia,92
Historia,87
Educación Física,88
Matemáticas,95
Lenguaje,66
Historia,93
Matemáticas,71
Matemáticas,58
Lenguaje,63
Matemáticas,98
Educación Física,73
Educación Física,54
Historia,98
Historia,71
Matemáticas,61
Ciencias,87
Historia,98
Historia,84
Ciencias,88
Ciencias,62
Matemáticas,57
Educación Física,89
Ciencias,83
Matemáticas,58
Ciencias,56
Ciencias,74
Historia,77
Educación Física,83
Historia,58
Educación Física,51
Educación Física,79
Ciencias,83
Matemáticas,96
Historia,77
Matemáticas,50
Educación Física,98
Lenguaje,84
Lenguaje,100
Matemáticas,98
Educación Física,92
Ciencias,67
Lenguaje,83
Educación Física,67
Lenguaje,60
Lenguaje,74
Educación Física,67
Ciencias,97
Matemáticas,77
Ciencias,55
Matemáticas,85
Lenguaje,55
Educación Física,73
Ciencias,94
Ciencias,64
Matemáticas,82
Ciencias,57
Lenguaje,68
Educación Física,89
Lenguaje,75
Historia,55
Educación Física,75
Matemáticas,67
Matemáticas,71
Matemáticas,91
Matemáticas,90
Matemáticas,61
Historia,74
Lenguaje,79
Ciencias,87
Historia,96
Historia,91
Educación Física,55
Matemáticas,78
Educación Física,91
Matemáticas,94
Lenguaje,59
Lenguaje,87
Historia,69
Lenguaje,92
Historia,51
Educación Física,91
Educación Física,74
Ciencias,94
Ciencias,97
Matemáticas,80
Educación Física,66
Matemáticas,64
Lenguaje,67
Historia,60
Educación Física,94
Historia,66
Ciencias,100
Historia,76
Educación Física,56
Historia,96
Lenguaje,87
Ciencias,84
Historia,80
Historia,94
Educación Física,78
Ciencias,80
Ciencias,87
Lenguaje,77
Educación Física,81
Historia,66
Historia,72
Matemáticas,61
Matemáticas,64
Historia,79
Lenguaje,84
Educación Física,55
Historia,75
Lenguaje,66
Historia,97
Lenguaje,80
Ciencias,89
Lenguaje,71
Historia,97
Matemáticas,54
Ciencias,65
Matemáticas,78
Lenguaje,50
Ciencias,56
Lenguaje,89
Historia,66
Educación Física,67
Educación Física,61
Matemáticas,78
Historia,68
Matemáticas,81
Lenguaje,88
Matemáticas,93
Lenguaje,83
Historia,86
Ciencias,50
Educación Física,50
Lenguaje,74
Matemáticas,77
Matemáticas,71
Historia,81
Historia,79
Historia,75
Educación Física,62
Lenguaje,74
Educación Física,58
Ciencias,100
Lenguaje,85
Lenguaje,63
Educación Física,79
Ciencias,54
Educación Física,84
Historia,83
Educación Física,60
Historia,76
Educación Física,73
Lenguaje,63
Ciencias,57
Educación Física,52
Matemáticas,80
Matemáticas,74
Lenguaje,56
Educación Física,54
Educación Física,84
Educación Física,64
Matemáticas,99
Lenguaje,96
Lenguaje,100
Ciencias,96
Matemáticas,62
Matemáticas,59
Matemáticas,84
Matemáticas,74
Matemáticas,76
Matemáticas,55
Lenguaje,92
Lenguaje,74
Lenguaje,58
Matemáticas,61
Matemáticas,85
Ciencias,82
Matemáticas,60
Ciencias,52
Matemáticas,95
Lenguaje,68
Historia,99
Matemáticas,86
Ciencias,98
Ciencias,88
Educación Física,81
Historia,83
Historia,81
Historia,93
Matemáticas,85
Lenguaje,73
Ciencias,85
Matemáticas,53
Ciencias,53
Lenguaje,74
Matemáticas,51
Educación Física,79
Ciencias,86
Educación Física,98
Ciencias,67
Ciencias,78
Ciencias,57
Matemáticas,64
Educación Física,83
Ciencias,89
Matemáticas,50
Ciencias,63
Historia,91
Historia,79
Lenguaje,83
Matemáticas,64
Ciencias,92
Historia,96
Ciencias,70
Ciencias,59
Matemáticas,61
Ciencias,57
Matemáticas,52
Matemáticas,59
Historia,86
Lenguaje,74
Historia,56
Historia,56
Historia,63
Educación Física,88
Historia,71
Ciencias,86
Ciencias,72
Educación Física,97
Educación Física,58
Ciencias,97
Lenguaje,79
Educación Física,71
Matemáticas,62
Lenguaje,67
Educación Física,50
Lenguaje,78
Lenguaje,92
Matemáticas,66
Lenguaje,68
Ciencias,52
Historia,62
Educación Física,77
Historia,60
Educación Física,95
Historia,95
Ciencias,87
Lenguaje,59
Historia,83
Lenguaje,62
Lenguaje,60
Educación Física,70
Matemáticas,81
Lenguaje,55
Matemáticas,72
Lenguaje,95
Matemáticas,91
Ciencias,56
Matemáticas,73
Historia,52
Educación Física,100
Educación Física,99
Historia,62
Lenguaje,86
Educación Física,59
Ciencias,97
Lenguaje,92
Educación Física,87
Lenguaje,100
Educación Física,74
Lenguaje,85
Educación Física,67
Educación Física,83
Educación Física,95
Educación Física,55
Historia,96
Lenguaje,98
Matemáticas,53
Historia,96
Matemáticas,82
Educación Física,72
Lenguaje,57
Educación Física,60
Ciencias,79
Ciencias,61
Ciencias,84
Ciencias,72
Lenguaje,53
Lenguaje,55
Matemáticas,75
Educación Física,91
Matemáticas,75
Educación Física,55
Lenguaje,61
Lenguaje,64
Lenguaje,56
Ciencias,97
Matemáticas,70
Lenguaje,90
Ciencias,86
Historia,63
Matemáticas,89
Ciencias,82
Ciencias,59
Ciencias,96
Lenguaje,91
Matemáticas,78
Lenguaje,96
Historia,82
Educación Física,64
Historia,62
Historia,60
Historia,99
Ciencias,55
Historia,68
Educación Física,95
Ciencias,96
Lenguaje,60
Matemáticas,74
Educación Física,79
Lenguaje,89
Historia,77
Historia,90
Historia,59
Ciencias,100
Matemáticas,55
Ciencias,71
Ciencias,81
Ciencias,59
Matemáticas,94
Ciencias,85
Ciencias,61
Historia,78
Educación Física,66
Matemáticas,92
Historia,100
Educación Física,66
Lenguaje,79
Matemáticas,80
Historia,82
Historia,89
Matemáticas,50
Ciencias,54
Educación Física,84
Historia,86
Ciencias,85
Historia,63
Lenguaje,95
Ciencias,86
Educación Física,88
Ciencias,63
Ciencias,86
Educación Física,77
Educación Física,68
Ciencias,95
Ciencias,75
Educación Física,98
Lenguaje,75
Matemáticas,81
Ciencias,58
Historia,81
Ciencias,93
Educación Física,87
Matemáticas,75
Historia,76
Ciencias,70
Matemáticas,55
Matemáticas,70
Ciencias,78
Matemáticas,85
Educación Física,77
Historia,53
Ciencias,94
Ciencias,62
Matemáticas,56
Ciencias,83
Educación Física,53
Ciencias,96
Ciencias,51
Educación Física,81
Matemáticas,76
Ciencias,98
Educación Física,62
Lenguaje,73
Lenguaje,94
Historia,54
Lenguaje,66
Educación Física,86
Historia,84
Historia,51
Matemáticas,63
Lenguaje,57
Educación Física,66
Lenguaje,97
Matemáticas,55
Matemáticas,88
Ciencias,98
Historia,70
Ciencias,70
Historia,55
Educación Física,84
Historia,60
Matemáticas,98
Lenguaje,75
Matemáticas,95
Ciencias,80
Ciencias,63
Educación Física,68
Educación Física,92
Ciencias,70
Educación Física,83
Educación Física,51
Lenguaje,54
Historia,88
Educación Física,78
Historia,87
Historia,84
Matemáticas,55
Historia,98
Lenguaje,60
Educación Física,93
Ciencias,90
Educación Física,54
Lenguaje,51
Ciencias,56
Lenguaje,67
Educación Física,51
Historia,91
Educación Física,50
Historia,78
Lenguaje,86
Matemáticas,86
Educación Física,75
Lenguaje,56
Lenguaje,54
Historia,52
Historia,97
Historia,71
Lenguaje,80
Educación Física,58
Ciencias,59
Ciencias,55
Ciencias,68
Matemáticas,53
Ciencias,76
Educación Física,59
Historia,98
Historia,65
Matemáticas,81
Matemáticas,91
Matemáticas,94
Matemáticas,79
Historia,72
Ciencias,72
Matemáticas,98
Matemáticas,64
Educación Física,99
Historia,95
Matemáticas,92
Ciencias,88
Lenguaje,78
Ciencias,79
Lenguaje,73
Matemáticas,96
Lenguaje,85
Matemáticas,84
Ciencias,50
Historia,93
Matemáticas,50
Educación Física,64
Matemáticas,69
Ciencias,78
Historia,94
Ciencias,66
Historia,76
Historia,84
Educación Física,97
Matemáticas,94
Historia,51
Lenguaje,79
Educación Física,85
Lenguaje,51
Ciencias,60
Lenguaje,98
Matemáticas,87
Lenguaje,88
Historia,95
Ciencias,65
Lenguaje,100
Educación Física,94
Lenguaje,92
Lenguaje,59
Educación Física,55
Lenguaje,90
Educación Física,67
Matemáticas,97
Educación Física,89
Educación Física,70
Ciencias,58
Educación Física,74
Ciencias,84
Lenguaje,66
Matemáticas,67
Lenguaje,64
Lenguaje,70
Historia,62
Historia,73
Matemáticas,68
Matemáticas,63
Matemáticas,69
Matemáticas,56
Educación Física,68
Ciencias,81
Historia,74
Lenguaje,99
Educación Física,61
Historia,65
Lenguaje,83
Historia,50
Ciencias,74
Educación Física,53
Educación Física,73
Matemáticas,57
Historia,100
Ciencias,51
Educación Física,72
Ciencias,79
Historia,53
Educación Física,86
Historia,57
Matemáticas,57
Lenguaje,56
Matemáticas,84
Matemáticas,58
Historia,90
Lenguaje,98
Matemáticas,95
Historia,64
Matemáticas,73
Lenguaje,93
Lenguaje,60
Historia,61
Matemáticas,81
Historia,71
Historia,72
Educación Física,88
Educación Física,79
Ciencias,97
Matemáticas,75
Ciencias,81
Matemáticas,67
Historia,92
Historia,55
Matemáticas,93
Historia,63
Historia,66
Historia,83
Historia,85
Ciencias,72
Historia,57
Lenguaje,77
Matemáticas,72
Ciencias,73
Matemáticas,61
Matemáticas,78
Ciencias,89
Historia,70
Lenguaje,82
Ciencias,61
Historia,85
Lenguaje,89
Educación Física,74
Matemáticas,74
Matemáticas,52
Matemáticas,52
Educación Física,85
Ciencias,62
Educación Física,100
Lenguaje,76
Historia,55
Educación Física,65
Matemáticas,70
Historia,83
Lenguaje,62
Educación Física,58
Educación Física,84
Ciencias,96
Educación Física,50
Historia,92
Historia,73
Educación Física,80
Educación Física,59
Ciencias,68
Lenguaje,68
Educación Física,59
Lenguaje,65
Educación Física,78
Historia,83
Historia,64
Lenguaje,81
Historia,94
Historia,78
Educación Física,70
Ciencias,94
Educación Física,96
Educación Física,92
Ciencias,60
Ciencias,87
Ciencias,61
Historia,86
Lenguaje,79
Ciencias,80
Matemáticas,80
Lenguaje,83
Ciencias,88
Lenguaje,53
Educación Física,88
Lenguaje,90
Historia,80
Historia,84
Lenguaje,69
Lenguaje,84
Educación Física,82
Lenguaje,64
Educación Física,90
Historia,51
Lenguaje,67
Matemáticas,89
Ciencias,50
Matemáticas,67
Matemáticas,75
Educación Física,67
Ciencias,75
Educación Física,53
Historia,80
Historia,100
Lenguaje,79
Matemáticas,91
Educación Física,95
Educación Física,76
Lenguaje,95
Ciencias,53
Lenguaje,61
Ciencias,77
Ciencias,82
Ciencias,62
Matemáticas,71
Lenguaje,84
Educación Física,97
Educación Física,88
Historia,73
Matemáticas,85
Educación Física,53
Ciencias,51
Historia,69
Lenguaje,68
Historia,64
Ciencias,52
Matemáticas,57
Educación Física,96
Lenguaje,84
Historia,67
Matemáticas,53
Educación Física,63
Historia,76
Lenguaje,86
Historia,61
Matemáticas,55
Historia,77
Ciencias,63
Ciencias,57
Educación Física,51
Lenguaje,87
Educación Física,54
Lenguaje,62
Matemáticas,97
Lenguaje,80
Lenguaje,70
Lenguaje,83
Historia,83
Matemáticas,57
Ciencias,64
Ciencias,62
Ciencias,75
Matemáticas,76
Matemáticas,60
Lenguaje,74
Ciencias,63
Educación Física,65
Historia,99
Ciencias,79
Lenguaje,56
Historia,99
Historia,90
Educación Física,91
Matemáticas,82
Ciencias,83
Educación Física,96
Lenguaje,53
Historia,54
Matemáticas,88
Matemáticas,68
Matemáticas,94
Educación Física,95
Lenguaje,75
Lenguaje,71
Educación Física,82
Lenguaje,83
Lenguaje,100
Historia,89
Ciencias,89
Lenguaje,82
Ciencias,100
Matemáticas,70
Ciencias,77
Ciencias,71
Historia,88
Lenguaje,91
Ciencias,97
Lenguaje,86
Lenguaje,97
Ciencias,87
Ciencias,60
Historia,71
Matemáticas,95
Educación Física,90
Lenguaje,58
Matemáticas,71
Ciencias,83
Lenguaje,76
Lenguaje,69
Lenguaje,70
Historia,51
Lenguaje,96
Historia,50
Ciencias,89
Historia,95
Historia,50
Matemáticas,59
Historia,67
Matemáticas,69
Lenguaje,64
Historia,84
Ciencias,53
Historia,85
Matemáticas,50
Matemáticas,75
Ciencias,82
Ciencias,52
Educación Física,66
Lenguaje,57
Educación Física,100
Historia,99
Educación Física,80
Historia,60
Educación Física,86
Lenguaje,77
Matemáticas,82
Ciencias,89
Educación Física,57
Lenguaje,93
Historia,93
Historia,86
Educación Física,68
Ciencias,64
Matemáticas,89
Educación Física,75
Ciencias,88
Educación Física,97
Historia,92
Historia,72
Matemáticas,92
Lenguaje,72
Ciencias,79
Matemáticas,81
Matemáticas,98
Lenguaje,71
Lenguaje,92
Historia,65
Matemáticas,65
Ciencias,69
Lenguaje,54
Historia,95
Matemáticas,67
Ciencias,75
Educación Física,95
Historia,75
Lenguaje,74
Lenguaje,94
Lenguaje,58
Lenguaje,51
Matemáticas,82
Matemáticas,66
Historia,95
Lenguaje,86
Matemáticas,98
Matemáticas,56
Matemáticas,96
Matemáticas,54
Matemáticas,99
Historia,54
Lenguaje,51
Matemáticas,58
Ciencias,63
Educación Física,58
Ciencias,94
Matemáticas,91
Educación Física,65
Ciencias,99
Educación Física,83
Educación Física,58
Historia,62
Ciencias,98
Ciencias,75
Matemáticas,62
Lenguaje,70
Educación Física,86
Educación Física,94
Lenguaje,67
Lenguaje,92
Lenguaje,58
Historia,76
Educación Física,52
Lenguaje,83
Historia,58
Lenguaje,71
Educación Física,57
Historia,59
Educación Física,77
Historia,56
Historia,58
Lenguaje,59
Lenguaje,59
Historia,75
Lenguaje,92
Matemáticas,56
Ciencias,98
Ciencias,100
Historia,63
Educación Física,55
Ciencias,80
Lenguaje,82
Ciencias,73
Ciencias,93
Ciencias,85
Ciencias,52
Lenguaje,56
Matemáticas,67
Matemáticas,62
Lenguaje,72
Historia,92
Educación Física,79
Matemáticas,68
Educación Física,100
Ciencias,68
Matemáticas,81
Lenguaje,72
Historia,86
Lenguaje,77
Educación Física,51
Ciencias,97
Matemáticas,97
Educación Física,51
Lenguaje,100
Matemáticas,99
Historia,56
Lenguaje,79
Ciencias,61
Matemáticas,72
Ciencias,70
Matemáticas,96
Lenguaje,95
Lenguaje,51
Ciencias,88
Matemáticas,62
Historia,96
Historia,70
Matemáticas,52
Educación Física,69
Ciencias,61
Historia,58
Matemáticas,55
Ciencias,54
Ciencias,96
Ciencias,87
Ciencias,54
Ciencias,62
Matemáticas,83
Ciencias,57
Historia,88
Historia,70
Lenguaje,100
Matemáticas,54
Educación Física,75
Educación Física,67
Educación Física,64
Historia,84
Educación Física,54
Matemáticas,70
Matemáticas,90
Lenguaje,87
Ciencias,58
Matemáticas,70
Ciencias,53
Ciencias,79
Ciencias,85
Educación Física,76
Matemáticas,74
Historia,67
Historia,77
Ciencias,53
Historia,91
Educación Física,84
Historia,54
Historia,69
Lenguaje,73
Educación Física,55
Educación Física,80
Historia,63
Educación Física,88
Lenguaje,97
Lenguaje,96
Lenguaje,64
Ciencias,60
Lenguaje,57
Ciencias,56
Ciencias,67
Ciencias,100
Educación Física,100
Ciencias,51
Matemáticas,88
Matemáticas,82
Educación Física,81
Lenguaje,69
Lenguaje,88
Lenguaje,51
Historia,99
Historia,64
Educación Física,52
Matemáticas,53
Lenguaje,74
Matemáticas,53
Educación Física,64
Educación Física,68
Educación Física,82
Historia,58
Lenguaje,79
Lenguaje,95
Educación Física,95
Matemáticas,99
Lenguaje,60
Educación Física,93
Matemáticas,86
Lenguaje,85
Matemáticas,86
Ciencias,81
Lenguaje,53
Matemáticas,97
Historia,71
Lenguaje,79
Ciencias,96
Historia,58
Lenguaje,59
Educación Física,77
Lenguaje,82
Ciencias,50
Historia,78
Educación Física,98
Historia,61
Educación Física,88
Ciencias,65
Educación Física,61
Matemáticas,68
Educación Física,61
Matemáticas,82
Matemáticas,63
Historia,82
Educación Física,82
Ciencias,50
Lenguaje,79
Educación Física,53
Lenguaje,95
Educación Física,58
Lenguaje,69
Ciencias,100
Matemáticas,65
Ciencias,79
Historia,73
Matemáticas,68
Lenguaje,52
Educación Física,64
Matemáticas,91
Matemáticas,89
Historia,70
Historia,59
Lenguaje,96
Matemáticas,51
Lenguaje,92
Matemáticas,72
Educación Física,83
Matemáticas,98
Lenguaje,79
Matemáticas,72
Historia,68
Lenguaje,89
Educación Física,92
Educación Física,50
Educación Física,87
Ciencias,79
Educación Física,74
Ciencias,54
Historia,83
Matemáticas,81
Ciencias,84
Educación Física,77
Historia,88
Educación Física,99
Matemáticas,52
Matemáticas,63
Ciencias,51
Lenguaje,91
Educación Física,57
Educación Física,59
Matemáticas,82
Lenguaje,50
Historia,89
Lenguaje,76
Ciencias,71
Matemáticas,55
Historia,59
Lenguaje,63
Historia,61
Historia,70
Matemáticas,54
Matemáticas,89
Educación Física,73
Educación Física,90
Educación Física,89
Ciencias,80
Educación Física,98
Historia,56
Matemáticas,93
Historia,77
Ciencias,93
Matemáticas,52
Educación Física,87
Lenguaje,71
Lenguaje,78
Historia,63
Ciencias,69
Matemáticas,66
Historia,93
Ciencias,77
Lenguaje,60
Historia,56
Educación Física,93
Educación Física,56
Matemáticas,81
Matemáticas,75
Educación Física,56
Lenguaje,96
Historia,69
Lenguaje,85
Lenguaje,71
Matemáticas,99
Educación Física,78
Lenguaje,64
Historia,70
Matemáticas,52
Ciencias,51
Matemáticas,58
Historia,65
Historia,84
Historia,65
Lenguaje,98
Lenguaje,95
Lenguaje,84
Educación Física,67
Educación Física,75
Educación Física,81
Educación Física,94
Historia,74
Historia,96
Ciencias,79
Lenguaje,55
Educación Física,76
Lenguaje,55
Lenguaje,94
Lenguaje,92
Historia,77
Lenguaje,54
Ciencias,85
Lenguaje,83
Historia,60
Lenguaje,82
Lenguaje,63
Lenguaje,56
Ciencias,66
Lenguaje,64
Historia,59
Historia,54
Ciencias,53
Ciencias,60
Ciencias,69
Educación Física,55
Historia,63
Lenguaje,63
Historia,50
Historia,92
Historia,65
Educación Física,95
Historia,52
Educación Física,76
Lenguaje,94
Educación Física,61
Ciencias,82
Historia,93
Historia,74
Lenguaje,68
Educación Física,70
Ciencias,79
Ciencias,97
Ciencias,53
Lenguaje,81
Matemáticas,60
Matemáticas,60
Ciencias,52
Educación Física,98
Historia,57
Educación Física,84
Educación Física,82
Educación Física,68
Matemáticas,93
Historia,54
Ciencias,89
Educación Física,75
Historia,92
Lenguaje,83
Historia,88
Lenguaje,59
Matemáticas,79
Educación Física,68
Educación Física,87
Matemáticas,70
Lenguaje,78
Matemáticas,93
Lenguaje,76
Lenguaje,65
Lenguaje,75
Historia,55
Educación Física,53
Historia,70
Ciencias,94
Ciencias,84
Educación Física,58
Matemáticas,83
Historia,91
Matemáticas,56
Lenguaje,76
Lenguaje,95
Historia,99
Historia,61
Ciencias,60
Educación Física,95
Lenguaje,91
Historia,58
Matemáticas,94
Educación Física,58
Ciencias,96
Lenguaje,62
Matemáticas,97
Historia,86
Lenguaje,54
Historia,100
Lenguaje,56
Lenguaje,83
Ciencias,58
Educación Física,99
Historia,94
Lenguaje,78
Historia,80
Educación Física,62
Educación Física,73
Educación Física,53
Ciencias,52
Educación Física,60
Educación Física,66
Matemáticas,99
Matemáticas,68
Historia,61
Historia,96
Matemáticas,61
Ciencias,60
Historia,61
Historia,88
Lenguaje,63
Matemáticas,52
Historia,72
Ciencias,69
Historia,66
Ciencias,62
Matemáticas,60
Historia,87
Educación Física,67
Lenguaje,62
Ciencias,66
Historia,74
Educación Física,53
Historia,87
Lenguaje,66
Matemáticas,94
Matemáticas,64
Lenguaje,89
Ciencias,86
Educación Física,96
Matemáticas,63
Historia,63
Lenguaje,70
Historia,97
Matemáticas,67
Ciencias,80
Lenguaje,87
Ciencias,82
Matemáticas,69
Educación Física,73
Historia,55
Historia,83
Matemáticas,58
Educación Física,98
Educación Física,71
Educación Física,50
Matemáticas,71
Matemáticas,54
Historia,69
Lenguaje,77
Educación Física,80
Educación Física,52
Educación Física,96
Ciencias,79
Ciencias,68
Matemáticas,55
Ciencias,64
Ciencias,84
Ciencias,91
Matemáticas,93
Educación Física,61
Lenguaje,81
Educación Física,85
Lenguaje,81
Educación Física,87
Historia,81
Ciencias,91
Ciencias,87
Ciencias,71
Matemáticas,55
Historia,96
Ciencias,51
Educación Física,85
Historia,67
Ciencias,85
Historia,56
Lenguaje,98
Educación Física,82
Historia,71
Lenguaje,93
Matemáticas,94
Lenguaje,53
Matemáticas,61
Historia,95
Educación Física,55
Matemáticas,53
Matemáticas,64
Historia,86
Lenguaje,72
Ciencias,71
Lenguaje,65
Ciencias,62
Lenguaje,92
Historia,53
Lenguaje,62
Matemáticas,62
Educación Física,69
Matemáticas,65
Ciencias,81
Educación Física,64
Historia,67
Lenguaje,82
Matemáticas,85
Educación Física,53
Matemáticas,86
Educación Física,81
Matemáticas,67
Historia,92
Matemáticas,68
Historia,92
Historia,68
Historia,97
Matemáticas,96
Lenguaje,67
Historia,67
Ciencias,92
Ciencias,55
Ciencias,82
Ciencias,55
Lenguaje,54
Lenguaje,59
Matemáticas,88
Matemáticas,90
Ciencias,81
Matemáticas,89
Historia,95
Ciencias,65
Educación Física,84
Ciencias,72
Historia,56
Historia,98
Matemáticas,64
Educación Física,52
Matemáticas,55
Ciencias,58
Educación Física,56
Ciencias,71
Matemáticas,89
Matemáticas,54
Historia,97
Ciencias,50
Historia,58
Educación Física,92
Matemáticas,82
Historia,74
Historia,92
Historia,67
Matemáticas,95
Ciencias,78
Educación Física,88
Matemáticas,98
Ciencias,99
Matemáticas,61
Historia,74
Lenguaje,75
Historia,95
Lenguaje,73
Historia,54
Educación Física,97
Matemáticas,100
Historia,74
Matemáticas,76
Historia,82
Matemáticas,100
Matemáticas,79
Educación Física,72
Educación Física,76
Lenguaje,70
Historia,53
Educación Física,50
Matemáticas,89
Educación Física,74
Lenguaje,73
Educación Física,74
Educación Física,53
Ciencias,74
Matemáticas,93
Educación Física,58
Historia,62
Matemáticas,99
Lenguaje,76
Matemáticas,96
Matemáticas,82
Ciencias,50
Ciencias,91
Ciencias,64
Historia,83
Historia,55
Ciencias,73
Educación Física,69
Ciencias,58
Ciencias,61
Ciencias,64
Matemáticas,59
Educación Física,68
Historia,72
Historia,79
Educación Física,67
Educación Física,56
Educación Física,69
Lenguaje,72
Ciencias,87
Ciencias,71
Matemáticas,55
Historia,89
Matemáticas,54
Educación Física,65
Historia,54
Matemáticas,80
Lenguaje,73
Lenguaje,83
Educación Física,98
Ciencias,89
Matemáticas,77
Lenguaje,70
Ciencias,98
Educación Física,62
Lenguaje,96
Ciencias,77
Lenguaje,95
Matemáticas,61
Educación Física,76
Educación Física,68
Ciencias,95
Ciencias,65
Matemáticas,92
Historia,94
Educación Física,88
Educación Física,70
Lenguaje,72
Matemáticas,57
Educación Física,65
Historia,72
Historia,92
Educación Física,88
Historia,79
Matemáticas,84
Matemáticas,73
Matemáticas,73
Ciencias,59
Ciencias,51
Ciencias,92
Lenguaje,57
Historia,99
Ciencias,61
Educación Física,73
Lenguaje,83
Lenguaje,59
Ciencias,80
Lenguaje,72
Historia,54
Educación Física,68
Historia,54
Matemáticas,63
Historia,65
Matemáticas,75
Historia,78
Historia,56
Matemáticas,91
Ciencias,62
Historia,52
Educación Física,62
Educación Física,65
Historia,82
Matemáticas,58
Lenguaje,81
Educación Física,98
Educación Física,91
Historia,73
Ciencias,86
Lenguaje,90
Matemáticas,86
Matemáticas,91
Lenguaje,74
Ciencias,54
Ciencias,85
Lenguaje,71
Historia,53
Matemáticas,73
Educación Física,72
Educación Física,98
Lenguaje,86
Lenguaje,60
Ciencias,87
Lenguaje,66
Ciencias,62
Lenguaje,57
Educación Física,92
Lenguaje,90
Historia,85
Ciencias,86
Historia,88
Educación Física,54
Lenguaje,86
Ciencias,69
Educación Física,82
Lenguaje,94
Lenguaje,64
Educación Física,68
Ciencias,77
Matemáticas,77
Educación Física,62
Historia,91
Ciencias,66
Matemáticas,88
Ciencias,56
Educación Física,84
Educación Física,57
Historia,74
Historia,59
Matemáticas,98
Lenguaje,89
Historia,80
Educación Física,61
Lenguaje,63
Historia,51
Educación Física,53
Matemáticas,69
Matemáticas,65
Lenguaje,70
Lenguaje,88
Ciencias,54
Matemáticas,63
Lenguaje,88
Lenguaje,77
Historia,67
Lenguaje,85
Ciencias,69
Historia,87
Lenguaje,59
Educación Física,99
Historia,94
Lenguaje,88
Lenguaje,99
Lenguaje,61
Educación Física,60
Matemáticas,69
Historia,66
Matemáticas,62
Historia,76
Lenguaje,80
Matemáticas,81
Lenguaje,89
Lenguaje,52
Educación Física,70
Historia,91
Ciencias,74
Lenguaje,99
Educación Física,68
Lenguaje,89
Educación Física,68
Ciencias,52
Lenguaje,89
Lenguaje,94
Historia,65
Lenguaje,70
Educación Física,81
Lenguaje,90
Educación Física,64
Matemáticas,82
Lenguaje,75
Historia,65
Lenguaje,65
Historia,100
Ciencias,65
Educación Física,52
Matemáticas,70
Lenguaje,90
Lenguaje,73
Ciencias,67
Historia,81
Matemáticas,53
Historia,82
Lenguaje,66
Lenguaje,91
Historia,75
Matemáticas,53
Matemáticas,57
Lenguaje,89
Lenguaje,61
Lenguaje,77
Educación Física,67
Educación Física,60
Matemáticas,95
Historia,72
Lenguaje,59
Ciencias,80
Lenguaje,66
Educación Física,53
Ciencias,68
Educación Física,87
Historia,57
Lenguaje,87
Lenguaje,54
Ciencias,78
Historia,69
Matemáticas,91
Educación Física,72
Educación Física,99
Educación Física,60
Ciencias,100
Ciencias,51
Historia,50
Lenguaje,54
Educación Física,68
Historia,92
Historia,60
Lenguaje,76
Matemáticas,71
Lenguaje,77
Matemáticas,62
Historia,81
Lenguaje,82
Matemáticas,75
Ciencias,85
Matemáticas,94
Ciencias,88
Lenguaje,67
Matemáticas,76
Ciencias,81
Lenguaje,80
Historia,90
Ciencias,100
Matemáticas,94
Ciencias,82
Ciencias,84
Matemáticas,50
Educación Física,68
Historia,54
Lenguaje,98
Lenguaje,60
Educación Física,55
Matemáticas,59
Educación Física,100
Ciencias,82
Historia,81
Lenguaje,75
Educación Física,56
Historia,55
Educación Física,63
Lenguaje,58
Lenguaje,74
Lenguaje,74
Educación Física,95
Matemáticas,93
Educación Física,62
Matemáticas,53
Matemáticas,87
Educación Física,91
Educación Física,72
Matemáticas,74
Lenguaje,66
Historia,59
Educación Física,58
Ciencias,77
Educación Física,55
Ciencias,64
Ciencias,100
Lenguaje,51
Matemáticas,92
Ciencias,55
Historia,93
Matemáticas,71
Educación Física,84
Lenguaje,97
Matemáticas,74
Ciencias,63
Historia,59
Educación Física,97
Historia,64
Ciencias,83
Educación Física,93
Matemáticas,84
Historia,64
Ciencias,71
Ciencias,86
Matemáticas,64
Educación Física,75
Ciencias,80
Matemáticas,73
Educación Física,78
Matemáticas,66
Lenguaje,95
Lenguaje,59
Ciencias,71
Educación Física,50
Matemáticas,95
Historia,89
Lenguaje,82
Matemáticas,73
Ciencias,78
Lenguaje,69
Matemáticas,56
Educación Física,79
Lenguaje,54
Educación Física,77
Lenguaje,86
Historia,94
Matemáticas,72
Lenguaje,76
Historia,62
Lenguaje,53
Matemáticas,70
Educación Física,67
Historia,99
Historia,96
Historia,89
Ciencias,54
Lenguaje,55
Matemáticas,52
Lenguaje,94
Ciencias,63
Matemáticas,54
Matemáticas,69
Ciencias,86
Educación Física,74
Matemáticas,90
Historia,80
Lenguaje,93
Ciencias,52
Lenguaje,60
Ciencias,52
Lenguaje,50
Ciencias,84
Matemáticas,60
Lenguaje,93
Matemáticas,88
Lenguaje,72
Ciencias,66
Matemáticas,82
Matemáticas,62
Ciencias,85
Historia,98
Matemáticas,89
Matemáticas,83
Ciencias,77
Ciencias,77
Educación Física,62
Educación Física,92
Lenguaje,75
Lenguaje,96
Ciencias,65
Educación Física,70
Ciencias,63
Educación Física,63
Historia,55
Matemáticas,80
Educación Física,88
Historia,92
Historia,84
Lenguaje,91
Historia,71
Historia,92
Educación Física,59
Educación Física,92
Educación Física,53
Educación Física,74
Ciencias,87
Educación Física,61
Matemáticas,71
Matemáticas,93
Historia,59
Matemáticas,89
Lenguaje,80
Ciencias,87
Educación Física,57
Ciencias,68
Educación Física,69
Historia,55
Historia,65
Lenguaje,79
Lenguaje,80
Historia,97
Ciencias,76
Lenguaje,87
Ciencias,70
Ciencias,55
Ciencias,80
Historia,97
Educación Física,55
Matemáticas,86
Matemáticas,95
Historia,65
Ciencias,68
Matemáticas,84
Educación Física,54
Matemáticas,82
Ciencias,61
Educación Física,68
Historia,67
Educación Física,86
Educación Física,56
Educación Física,52
Educación Física,73
Lenguaje,91
Matemáticas,65
Matemáticas,77
Ciencias,76
Matemáticas,67
Historia,55
Lenguaje,52
Educación Física,74
Ciencias,55
Educación Física,66
Historia,84
Educación Física,84
Ciencias,86
Lenguaje,84
Educación Física,61
Ciencias,95
Matemáticas,63
Historia,83
Lenguaje,98
Lenguaje,92
Historia,69
Lenguaje,83
Lenguaje,97
Lenguaje,96
Historia,97
Ciencias,84
Ciencias,57
Matemáticas,92
Lenguaje,67
Historia,57
Historia,59
Educación Física,56
Matemáticas,68
Matemáticas,88
Matemáticas,71
Historia,86
Educación Física,97
Educación Física,94
Matemáticas,75
Ciencias,93
Lenguaje,65
Lenguaje,53
Historia,97
Educación Física,65
Historia,74
Educación Física,80
Matemáticas,71
Lenguaje,50
Ciencias,57
Historia,66
Ciencias,76
Lenguaje,67
Historia,54
Matemáticas,86
Educación Física,95
Historia,51
Lenguaje,65
Lenguaje,57
Historia,60
Educación Física,70
Matemáticas,50
Matemáticas,91
Historia,62
Educación Física,89
Ciencias,98
Historia,85
Historia,55
Lenguaje,81
Matemáticas,63
Matemáticas,85
Historia,92
Historia,65
Matemáticas,57
Ciencias,97
Lenguaje,71
Matemáticas,69
Lenguaje,94
Lenguaje,80
Educación Física,63
Lenguaje,79
Educación Física,74
Historia,78
Lenguaje,93
Lenguaje,63
Educación Física,55
Lenguaje,82
Lenguaje,67
Educación Física,92
Ciencias,62
Matemáticas,71
Historia,88
Lenguaje,66
Lenguaje,75
Lenguaje,94
Lenguaje,88
Lenguaje,62
Educación Física,83
Ciencias,100
Lenguaje,57
Ciencias,99
Educación Física,58
Ciencias,54
Lenguaje,54
Educación Física,92
Educación Física,50
Educación Física,75
Historia,77
Ciencias,65
Ciencias,94
Matemáticas,82
Lenguaje,52
Historia,93
Educación Física,99
Historia,88
Matemáticas,87
Ciencias,72
Historia,86
Ciencias,88
Ciencias,67
Educación Física,54
Educación Física,55
Educación Física,64
Matemáticas,81
Matemáticas,50
Historia,57
Matemáticas,85
Educación Física,99
Historia,61
Lenguaje,94
Matemáticas,70
Educación Física,61
Lenguaje,93
Educación Física,67
Historia,85
Historia,77
Ciencias,85
Historia,71
Matemáticas,85
Historia,100
Ciencias,68
Ciencias,76
Matemáticas,84
Ciencias,66
Matemáticas,99
Historia,59
Historia,64
Ciencias,62
Matemáticas,56
Historia,62
Matemáticas,86
Lenguaje,56
Matemáticas,75
Educación Física,74
Ciencias,95
Matemáticas,96
Matemáticas,100
Educación Física,71
Ciencias,90
Matemáticas,87
Historia,61
Historia,87
Ciencias,95
Educación Física,87
Ciencias,85
Lenguaje,91
Ciencias,55
Matemáticas,74
Ciencias,60
Lenguaje,69
Matemáticas,51
Lenguaje,97
Matemáticas,100
Educación Física,73
Lenguaje,57
Lenguaje,63
Lenguaje,73
Lenguaje,83
Historia,89
Matemáticas,79
Educación Física,68
Ciencias,53
Ciencias,78
Historia,81
Historia,87
Matemáticas,66
Ciencias,94
Historia,56
Ciencias,83
Lenguaje,81
Educación Física,71
Historia,53
Matemáticas,76
Lenguaje,92
Educación Física,96
Historia,87
Ciencias,66
Ciencias,72
Historia,67
Ciencias,77
Ciencias,55
Historia,59
Matemáticas,71
Ciencias,70
Lenguaje,98
Educación Física,95
Matemáticas,94
Lenguaje,97
Historia,56
Historia,89
Lenguaje,95
Ciencias,87
Matemáticas,68
Ciencias,61
Matemáticas,87
Lenguaje,82
Historia,99
Lenguaje,90
Matemáticas,78
Ciencias,95
Historia,99
Matemáticas,85
Matemáticas,93
Matemáticas,85
Educación Física,68
Lenguaje,85
Lenguaje,99
Educación Física,52
Lenguaje,55
Historia,89
Educación Física,61
Lenguaje,56
Lenguaje,60
Ciencias,77
Ciencias,98
Educación Física,65
Ciencias,54
Matemáticas,81
Lenguaje,60
Historia,80
Matemáticas,74
Lenguaje,50
Matemáticas,86
Historia,62
Educación Física,84
Historia,95
Matemáticas,98
Lenguaje,64
Matemáticas,74
Lenguaje,90
Historia,59
Lenguaje,74
Matemáticas,83
Historia,91
Ciencias,82
Lenguaje,90
Ciencias,60
Ciencias,95
Historia,68
Matemáticas,53
Matemáticas,93
Historia,60
Matemáticas,73
Ciencias,77
Historia,53
Matemáticas,62
Historia,94
Educación Física,97
Matemáticas,57
Historia,71
Historia,75
Ciencias,99
Historia,72
Historia,96
Educación Física,52
Matemáticas,53
Historia,69
Ciencias,96
Lenguaje,63
Lenguaje,90
Educación Física,62
Historia,77
Ciencias,78
Ciencias,69
Educación Física,50
Educación Física,72
Matemáticas,55
Educación Física,64
Lenguaje,57
Educación Física,55
Lenguaje,98
Educación Física,99
Historia,66
Lenguaje,58
Lenguaje,50
Educación Física,77
Matemáticas,64
Lenguaje,87
Historia,82
Lenguaje,59
Ciencias,82
Ciencias,92
Historia,66
Ciencias,81
Historia,67
Ciencias,53
Ciencias,70
Ciencias,75
Matemáticas,56
Educación Física,95
Educación Física,65
Historia,100
Historia,92
Ciencias,67
Matemáticas,93
Educación Física,100
Educación Física,63
Educación Física,58
Lenguaje,70
Historia,61
Lenguaje,55
Ciencias,73
Educación Física,67
Lenguaje,53
Historia,81
Ciencias,83
Historia,89
Ciencias,98
Ciencias,95
Ciencias,65
Historia,99
Matemáticas,78
Matemáticas,62
Historia,74
Ciencias,99
Ciencias,55
Educación Física,72
Ciencias,86
Historia,85
Historia,78
Historia,67
Lenguaje,99
Ciencias,61
Historia,70
Matemáticas,99
Historia,63
Matemáticas,94
Historia,53
Historia,51
Matemáticas,64
Educación Física,94
Lenguaje,56
Matemáticas,65
Ciencias,98
Historia,99
Ciencias,69
Educación Física,74
Ciencias,70
Ciencias,61
Matemáticas,89
Historia,90
Educación Física,70
Educación Física,78
Historia,67
Ciencias,60
Educación Física,84
Educación Física,86
Educación Física,57
Ciencias,90
Educación Física,97
Lenguaje,83
Lenguaje,58
Educación Física,78
Matemáticas,93
Educación Física,74
Ciencias,72
Lenguaje,88
Matemáticas,59
Matemáticas,95
Ciencias,95
Matemáticas,69
Educación Física,95
Matemáticas,88
Educación Física,56
Historia,77
Matemáticas,99
Educación Física,100
Lenguaje,52
Educación Física,57
Educación Física,85
Lenguaje,57
Educación Física,59
Educación Física,74
Lenguaje,96
Ciencias,81
Lenguaje,94
Educación Física,95
Lenguaje,57
Matemáticas,55
Matemáticas,60
Matemáticas,93
Ciencias,84
Ciencias,82
Lenguaje,75
Matemáticas,60
Historia,60
Matemáticas,63
Historia,95
Lenguaje,99
Historia,60
Lenguaje,91
Educación Física,87
Educación Física,61
Lenguaje,64
Ciencias,78
Matemáticas,97
Matemáticas,99
Historia,96
Matemáticas,93
Ciencias,55
Lenguaje,58
Lenguaje,69
Ciencias,54
Matemáticas,81
Ciencias,59
Matemáticas,60
Educación Física,55
Historia,77
Matemáticas,77
Educación Física,87
Matemáticas,85
Lenguaje,74
Educación Física,54
Ciencias,87
Historia,50
Ciencias,80
Matemáticas,80
Matemáticas,60
Matemáticas,100
Ciencias,63
Matemáticas,83
Matemáticas,97
Historia,83
Lenguaje,63
Historia,71
Educación Física,90
Lenguaje,89
Ciencias,53
Ciencias,89
Lenguaje,81
Lenguaje,50
Matemáticas,61
Historia,74
Educación Física,65
Ciencias,98
Historia,68
Educación Física,65
Historia,54
Lenguaje,70
Lenguaje,68
Matemáticas,78
Historia,82
Matemáticas,70
Matemáticas,87
Educación Física,72
Educación Física,89
Historia,61
Lenguaje,59
Historia,62
Educación Física,66
Lenguaje,79
Educación Física,86
Educación Física,80
Ciencias,74
Lenguaje,78
Historia,100
Historia,55
Ciencias,97
Historia,59
Educación Física,72
Lenguaje,75
Historia,55
Educación Física,63
Lenguaje,98
Matemáticas,65
Lenguaje,78
Historia,98
Educación Física,50
Matemáticas,91
Educación Física,96
Educación Física,82
Matemáticas,64
Ciencias,93
Lenguaje,79
Educación Física,58
Educación Física,77
Lenguaje,69
Educación Física,74
Educación Física,82
Educación Física,69
Historia,98
Matemáticas,97
Historia,75
Educación Física,87
Lenguaje,91
Lenguaje,60
Historia,86
Ciencias,100
Educación Física,68
Lenguaje,55
Ciencias,71
Lenguaje,69
Ciencias,75
Lenguaje,90
Historia,96
Educación Física,56
Lenguaje,64
Lenguaje,62
Ciencias,57
Matemáticas,62
Lenguaje,77
Educación Física,83
Matemáticas,69
Historia,87
Lenguaje,72
Matemáticas,56
Educación Física,98
Matemáticas,65
Matemáticas,100
Historia,51
Lenguaje,68
Matemáticas,90
Lenguaje,92
Historia,86
Lenguaje,69
Historia,73
Historia,76
Educación Física,77
Matemáticas,73
Historia,75
Historia,94
Matemáticas,91
Ciencias,63
Ciencias,91
Lenguaje,75
Historia,59
Matemáticas,95
Educación Física,56
Ciencias,95
Educación Física,77
Matemáticas,93
Educación Física,84
Ciencias,53
Historia,75
Lenguaje,61
Educación Física,94
Educación Física,67
Ciencias,68
Historia,97
Lenguaje,89
Educación Física,99
Matemáticas,74
Historia,58
Lenguaje,72
Lenguaje,82
Matemáticas,68
Ciencias,76
Educación Física,78
Matemáticas,77
Ciencias,61
Ciencias,94
Historia,51
Educación Física,51
Ciencias,71
Lenguaje,64
Educación Física,86
Matemáticas,59
Ciencias,58
Ciencias,51
Matemáticas,76
Educación Física,99
Lenguaje,98
Historia,84
Educación Física,79
Educación Física,77
Lenguaje,57
Lenguaje,100
Matemáticas,88
Historia,58
Historia,97
Lenguaje,85
Matemáticas,91
Ciencias,90
Educación Física,68
Educación Física,58
Lenguaje,82
Ciencias,71
Lenguaje,76
Ciencias,71
Matemáticas,93
Ciencias,64
Educación Física,85
Ciencias,89
Historia,87
Educación Física,69
Educación Física,87
Matemáticas,83
Historia,78
Lenguaje,61
Ciencias,72
Matemáticas,62
Educación Física,57
Ciencias,92
Historia,62
Ciencias,75
Educación Física,92
Educación Física,92
Historia,75
Educación Física,67
Educación Física,52
Matemáticas,52
Historia,94
Lenguaje,88
Matemáticas,97
Matemáticas,78
Historia,74
Educación Física,51
Ciencias,58
Historia,86
Lenguaje,88
Matemáticas,99
Matemáticas,60
Educación Física,69
Matemáticas,84
Matemáticas,52
Lenguaje,64
Historia,95
Matemáticas,73
Ciencias,58
Educación Física,69
Historia,93
Ciencias,81
Lenguaje,84
Lenguaje,63
Educación Física,82
Educación Física,93
Matemáticas,70
Matemáticas,53
Historia,52
Matemáticas,94
Educación Física,90
Ciencias,92
Ciencias,67
Historia,54
Matemáticas,54
Educación Física,93
Historia,94
Historia,99
Historia,61
Ciencias,60
Historia,80
Historia,78
Ciencias,61
Historia,97
Matemáticas,85
Educación Física,79
Educación Física,76
Educación Física,78
Lenguaje,98
Lenguaje,91
Matemáticas,81
Educación Física,84
Historia,64
Historia,72
Educación Física,99
Matemáticas,58
Ciencias,65
Educación Física,64
Ciencias,91
Lenguaje,90
Educación Física,95
Lenguaje,82
Ciencias,94
Matemáticas,69
Lenguaje,86
Ciencias,96
Historia,55
Ciencias,52
Ciencias,50
Educación Física,84
Ciencias,93
Lenguaje,56
Educación Física,90
Lenguaje,74
Historia,57
Educación Física,73
Educación Física,76
Educación Física,56
Educación Física,81
Matemáticas,61
Lenguaje,97
Ciencias,50
Lenguaje,59
Lenguaje,96
Ciencias,95
Historia,73
Ciencias,70
Historia,57
Historia,60
Historia,100
Educación Física,63
Matemáticas,62
Matemáticas,79
Matemáticas,78
Lenguaje,71
Educación Física,97
Ciencias,71
Matemáticas,70
Historia,95
Lenguaje,91
Ciencias,95
Matemáticas,92
Matemáticas,75
Lenguaje,52
Historia,75
Matemáticas,62
Educación Física,81
Educación Física,76
Educación Física,90
Lenguaje,87
Matemáticas,70
Ciencias,72
Lenguaje,89
Educación Física,75
Ciencias,87
Lenguaje,68
Ciencias,99
Matemáticas,64
Lenguaje,50
Historia,90
Historia,99
Ciencias,71
Educación Física,89
Matemáticas,77
Ciencias,87
Educación Física,89
Lenguaje,67
Lenguaje,90
Matemáticas,66
Historia,53
Ciencias,95
Historia,89
Historia,68
Ciencias,71
Historia,97
Historia,83
Matemáticas,54
Historia,99
Matemáticas,70
Educación Física,83
Educación Física,54
Educación Física,83
Historia,82
Educación Física,83
Ciencias,97
Matemáticas,99
Historia,71
Lenguaje,76
Educación Física,87
Matemáticas,86
Lenguaje,52
Educación Física,96
Historia,58
Lenguaje,78
Matemáticas,55
Educación Física,85
Matemáticas,71
Lenguaje,94
Ciencias,71
Historia,50
Lenguaje,100
Educación Física,88
Historia,98
Educación Física,72
Ciencias,96
Educación Física,84
Historia,93
Historia,54
Lenguaje,78
Matemáticas,69
Lenguaje,73
Matemáticas,57
Historia,85
Lenguaje,82
Matemáticas,54
Ciencias,60
Matemáticas,51
Matemáticas,69
Lenguaje,81
Historia,100
Ciencias,95
Matemáticas,69
Matemáticas,55
Ciencias,67
Historia,84
Lenguaje,57
Educación Física,62
Ciencias,76
Matemáticas,69
Historia,64
Matemáticas,74
Educación Física,90
Educación Física,71
Ciencias,87
Educación Física,87
Educación Física,53
Lenguaje,92
Historia,83
Lenguaje,63
Lenguaje,98
Historia,99
Ciencias,78
Lenguaje,74
Lenguaje,86
Lenguaje,60
Lenguaje,90
Historia,87
Ciencias,56
Ciencias,75
Educación Física,80
Educación Física,74
Historia,69
Lenguaje,96
Ciencias,88
Historia,98
Lenguaje,93
Matemáticas,89
Ciencias,68
Ciencias,56
Matemáticas,80
Educación Física,82
Educación Física,53
Matemáticas,80
Matemáticas,71
Matemáticas,58
Lenguaje,50
Matemáticas,72
Ciencias,90
Historia,88
Lenguaje,87
Matemáticas,63
Historia,51
Historia,90
Educación Física,73
Matemáticas,61
Ciencias,63
Historia,51
Ciencias,77
Lenguaje,97
Educación Física,100
Historia,69
Ciencias,95
Lenguaje,55
Matemáticas,94
Educación Física,60
Educación Física,89
Lenguaje,96
Lenguaje,85
Ciencias,88
Educación Física,75
Lenguaje,66
Lenguaje,99
Matemáticas,76
Educación Física,57
Educación Física,53
Educación Física,70
Lenguaje,87
Matemáticas,50
Ciencias,93
Matemáticas,79
Educación Física,60
Matemáticas,100
Educación Física,59
Matemáticas,77
Historia,79
Historia,91
Lenguaje,84
Historia,71
Matemáticas,56
Historia,76
Ciencias,64
Matemáticas,89
Lenguaje,51
Matemáticas,52
Educación Física,98
Matemáticas,76
Ciencias,82
Matemáticas,62
Ciencias,93
Lenguaje,86
Educación Física,52
Lenguaje,72
Matemáticas,90
Matemáticas,58
Ciencias,84
Ciencias,67
Historia,76
Historia,62
Matemáticas,50
Matemáticas,74
Historia,79
Matemáticas,69
Educación Física,86
Ciencias,61
Educación Física,70
Ciencias,79
Matemáticas,72
Ciencias,55
Educación Física,61
Educación Física,65
Historia,84
Ciencias,95
Educación Física,81
Historia,62
Matemáticas,94
Lenguaje,52
Matemáticas,90
Matemáticas,64
Lenguaje,56
Educación Física,95
Educación Física,95
Matemáticas,51
Educación Física,71
Lenguaje,65
Historia,52
Educación Física,65
Lenguaje,54
Ciencias,86
Ciencias,53
Lenguaje,83
Historia,71
Matemáticas,97
Educación Física,52
Educación Física,93
Historia,86
Historia,50
Ciencias,59
Matemáticas,70
Matemáticas,84
Matemáticas,70
Historia,84
Historia,57
Ciencias,51
Ciencias,72
Ciencias,56
Lenguaje,54
Historia,100
Historia,64
Matemáticas,51
Educación Física,84
Lenguaje,68
Historia,50
Lenguaje,52
Lenguaje,79
Matemáticas,50
Ciencias,68
Historia,99
Ciencias,73
Lenguaje,96
Educación Física,61
Ciencias,68
Lenguaje,52
Educación Física,63
Lenguaje,79
Educación Física,100
Lenguaje,52
Educación Física,94
Ciencias,68
Ciencias,80
Matemáticas,64
Ciencias,83
Ciencias,92
Historia,88
Educación Física,77
Ciencias,71
Lenguaje,61
Educación Física,95
Matemáticas,100
Ciencias,52
Historia,71
Educación Física,62
Ciencias,99
Lenguaje,94
Ciencias,96
Matemáticas,99
Ciencias,87
Historia,70
Matemáticas,71
Ciencias,81
Educación Física,76
Ciencias,71
Ciencias,91
Educación Física,59
Ciencias,67
Matemáticas,63
Ciencias,96
Historia,68
Historia,85
Lenguaje,68
Educación Física,63
Lenguaje,89
Educación Física,53
Ciencias,92
Ciencias,52
Educación Física,82
Lenguaje,65
Historia,84
Educación Física,64
Ciencias,80
Lenguaje,52
Lenguaje,77
Educación Física,75
Educación Física,61
Matemáticas,63
Historia,88
Historia,88
Matemáticas,78
Lenguaje,84
Educación Física,89
Educación Física,76
Matemáticas,74
Educación Física,93
Matemáticas,84
Lenguaje,88
Lenguaje,99
Historia,73
Lenguaje,100
Historia,66
Ciencias,85
Historia,68
Matemáticas,98
Ciencias,100
Ciencias,62
Matemáticas,80
Historia,70
Educación Física,88
Historia,90
Matemáticas,88
Ciencias,87
Ciencias,99
Matemáticas,52
Matemáticas,96
Historia,73
Ciencias,80
Historia,80
Historia,74
Educación Física,89
Lenguaje,82
Lenguaje,51
Historia,89
Lenguaje,79
Lenguaje,63
Historia,61
Educación Física,90
Ciencias,83
Ciencias,83
Lenguaje,64
Lenguaje,94
Educación Física,80
Matemáticas,95
Matemáticas,72
Lenguaje,74
Matemáticas,60
Matemáticas,68
Ciencias,92
Matemáticas,54
Ciencias,99
Lenguaje,56
Matemáticas,63
Historia,54
Educación Física,96
Lenguaje,86
Historia,57
Educación Física,71
Historia,84
Lenguaje,60
Lenguaje,96
Educación Física,77
Educación Física,95
Lenguaje,100
Lenguaje,99
Ciencias,64
Lenguaje,50
Matemáticas,68
Historia,66
Lenguaje,100
Educación Física,84
Lenguaje,52
Lenguaje,97
Historia,96
Educación Física,83
Matemáticas,83
Matemáticas,76
Matemáticas,81
Matemáticas,88
Historia,59
Lenguaje,88
Ciencias,59
Lenguaje,60
Matemáticas,82
Lenguaje,92
Historia,77
Lenguaje,64
Lenguaje,97
Historia,94
Lenguaje,61
Matemáticas,88
Matemáticas,100
Matemáticas,56
Historia,97
Educación Física,89
Historia,50
Matemáticas,64
Matemáticas,84
Ciencias,76
Historia,58
Educación Física,74
Educación Física,93
Matemáticas,100
Educación Física,61
Matemáticas,59
Ciencias,51
Ciencias,75
Historia,63
Ciencias,61
Lenguaje,50
Matemáticas,69
Ciencias,67
Educación Física,59
Educación Física,78
Historia,84
Lenguaje,89
Historia,82
Historia,52
Lenguaje,60
Ciencias,94
Educación Física,95
Lenguaje,92
Educación Física,67
Historia,86
Lenguaje,54
Historia,74
Lenguaje,60
Lenguaje,63
Educación Física,81
Ciencias,79
Ciencias,50
Ciencias,93
Ciencias,84
Lenguaje,69
Historia,97
Historia,94
Lenguaje,71
Matemáticas,85
Ciencias,82
Educación Física,84
Historia,73
Lenguaje,91
Educación Física,93
Historia,71
Lenguaje,55
Historia,67
Matemáticas,99
Historia,60
Educación Física,80
Matemáticas,65
Lenguaje,59
Ciencias,82
Matemáticas,97
Educación Física,60
Educación Física,78
Historia,52
Matemáticas,100
Historia,68
Lenguaje,66
Educación Física,78
Lenguaje,63
Matemáticas,64
Educación Física,59
Historia,88
Ciencias,58
Matemáticas,66
Educación Física,65
Matemáticas,74
Lenguaje,64
Historia,68
Historia,81
Historia,72
Matemáticas,78
Historia,93
Ciencias,92
Matemáticas,84
Lenguaje,95
Educación Física,88
Educación Física,90
Ciencias,96
Matemáticas,62
Ciencias,82
Educación Física,97
Educación Física,85
Educación Física,62
Educación Física,77
Ciencias,78
Historia,82
Lenguaje,63
Historia,57
Educación Física,71
Educación Física,68
Lenguaje,62
Lenguaje,62
Lenguaje,93
Ciencias,82
Matemáticas,62
Ciencias,89
Historia,50
Historia,88
Matemáticas,76
Ciencias,58
Ciencias,71
Ciencias,100
Ciencias,77
Matemáticas,85
Lenguaje,62
Historia,91
Educación Física,66
Historia,79
Matemáticas,97
Matemáticas,75
Lenguaje,91
Historia,82
Historia,73
Matemáticas,70
Matemáticas,61
Educación Física,75
Historia,82
Lenguaje,80
Lenguaje,77
Ciencias,93
Ciencias,78
Educación Física,95
Historia,55
Educación Física,75
Lenguaje,96
Ciencias,98
Lenguaje,96
Ciencias,89
Matemáticas,53
Lenguaje,62
Ciencias,70
Historia,80
Historia,53
Lenguaje,56
Ciencias,79
Ciencias,74
Lenguaje,74
Lenguaje,57
Ciencias,52
Educación Física,75
Matemáticas,70
Ciencias,96
Ciencias,55
Historia,88
Historia,83
Ciencias,75
Educación Física,50
Matemáticas,67
Matemáticas,56
Ciencias,90
Historia,52
Ciencias,55
Lenguaje,63
Educación Física,71
Lenguaje,61
Educación Física,68
Matemáticas,87
Matemáticas,96
Educación Física,75
Ciencias,81
Ciencias,68
Educación Física,73
Matemáticas,76
Educación Física,77
Lenguaje,70
Historia,58
Ciencias,99
Ciencias,92
Matemáticas,99
Educación Física,54
Lenguaje,69
Historia,97
Historia,85
Historia,67
Historia,73
Educación Física,72
Historia,71
Ciencias,97
Matemáticas,81
Historia,56
Ciencias,82
Matemáticas,92
Historia,87
Matemáticas,79
Ciencias,69
Matemáticas,81
Educación Física,67
Educación Física,85
Ciencias,67
Ciencias,53
Educación Física,62
Lenguaje,93
Ciencias,84
Historia,75
Matemáticas,55
Matemáticas,79
Historia,61
Ciencias,53
Historia,78
Educación Física,93
Ciencias,89
Lenguaje,76
Lenguaje,70
Lenguaje,52
Matemáticas,69
Educación Física,96
Educación Física,51
Educación Física,53
Matemáticas,85
Matemáticas,86
Educación Física,57
Educación Física,94
Ciencias,67
Matemáticas,70
Educación Física,69
Ciencias,73
Matemáticas,83
Historia,89
Educación Física,91
Lenguaje,53
Ciencias,68
Ciencias,96
Historia,64
Educación Física,72
Ciencias,95
Ciencias,68
Lenguaje,59
Historia,57
Lenguaje,77
Matemáticas,73
Educación Física,65
Educación Física,97
Educación Física,67
Lenguaje,94
Matemáticas,50
Ciencias,79
Lenguaje,63
Matemáticas,74
Historia,50
Matemáticas,85
Educación Física,85
Lenguaje,79
Historia,72
Historia,83
Ciencias,50
Ciencias,57
Matemáticas,83
Historia,77
Historia,93
Ciencias,81
Ciencias,56
Educación Física,57
Lenguaje,50
Educación Física,92
Historia,88
Educación Física,100
Educación Física,81
Matemáticas,90
Historia,60
Lenguaje,87
Lenguaje,76
Matemáticas,58
Educación Física,91
Historia,53
Educación Física,58
Matemáticas,63
Matemáticas,95
Ciencias,100
Historia,86
Educación Física,54
Educación Física,91
Ciencias,74
Educación Física,81
Historia,77
Historia,64
Historia,78
Historia,52
Lenguaje,96
Matemáticas,70
Educación Física,59
Lenguaje,97
Educación Física,64
Historia,98
Matemáticas,72
Educación Física,53
Ciencias,59
Historia,93
Educación Física,65
Ciencias,83
Educación Física,50
Ciencias,76
Ciencias,90
Ciencias,99
Lenguaje,91
Educación Física,62
Historia,83
Educación Física,76
Historia,99
Lenguaje,98
Matemáticas,80
Matemáticas,75
Lenguaje,97
Lenguaje,95
Historia,82
Lenguaje,85
Historia,53
Ciencias,60
Lenguaje,98
Historia,66
Matemáticas,71
Lenguaje,90
Ciencias,86
Matemáticas,96
Ciencias,81
Ciencias,54
Ciencias,92
Lenguaje,85
Historia,66
Ciencias,77
Historia,68
Ciencias,50
Historia,95
Matemáticas,80
Historia,61
Educación Física,90
Historia,89
Ciencias,100
Lenguaje,95
Lenguaje,99
Matemáticas,75
Ciencias,58
Educación Física,58
Ciencias,84
Lenguaje,88
Ciencias,99
Ciencias,55
Educación Física,62
Matemáticas,73
Educación Física,61
Matemáticas,81
Educación Física,65
Lenguaje,95
Historia,89
Historia,77
Lenguaje,75
Ciencias,66
Historia,84
Historia,74
Ciencias,89
Historia,66
Educación Física,82
Lenguaje,86
Matemáticas,98
Ciencias,95
Educación Física,68
Ciencias,76
Matemáticas,59
Lenguaje,59
Lenguaje,57
Lenguaje,94
Lenguaje,54
Lenguaje,51
Lenguaje,53
Historia,95
Historia,65
Matemáticas,94
Historia,69
Educación Física,76
Ciencias,73
Matemáticas,65
Educación Física,53
Ciencias,87
Ciencias,78
Matemáticas,91
Ciencias,79
Ciencias,63
Historia,92
Educación Física,64
Lenguaje,92
Matemáticas,85
Ciencias,56
Historia,63
Matemáticas,100
Educación Física,54
Ciencias,66
Historia,95
Matemáticas,73
Educación Física,60
Lenguaje,81
Educación Física,96
Educación Física,78
Historia,56
Matemáticas,52
Matemáticas,74
Lenguaje,59
Lenguaje,81
Educación Física,71
Ciencias,84
Educación Física,53
Educación Física,90
Matemáticas,100
Matemáticas,51
Lenguaje,81
Historia,80
Historia,93
Historia,73
Educación Física,81
Ciencias,72
Ciencias,92
Matemáticas,50
Educación Física,86
Educación Física,54
Matemáticas,77
Historia,100
Matemáticas,67
Educación Física,52
Matemáticas,96
Matemáticas,56
Ciencias,67
Educación Física,55
Matemáticas,55
Educación Física,69
Matemáticas,90
Lenguaje,88
Ciencias,78
Matemáticas,98
Educación Física,89
Matemáticas,65
Educación Física,55
Matemáticas,99
Educación Física,51
Lenguaje,93
Educación Física,99
Matemáticas,79
Lenguaje,59
Ciencias,85
Lenguaje,100
Matemáticas,70
Matemáticas,78
Educación Física,78
Educación Física,53
Historia,54
Ciencias,87
Historia,90
Ciencias,69
Ciencias,54
Historia,87
Historia,72
Matemáticas,75
Historia,76
Matemáticas,68
Educación Física,56
Ciencias,97
Educación Física,95
Ciencias,89
Educación Física,87
Lenguaje,92
Historia,56
Matemáticas,77
Educación Física,94
Educación Física,56
Lenguaje,55
Matemáticas,76
Historia,95
Lenguaje,100
Ciencias,60
Ciencias,73
Educación Física,91
Historia,85
Lenguaje,95
Lenguaje,93
Historia,64
Ciencias,84
Historia,65
Ciencias,55
Matemáticas,87
Historia,98
Educación Física,77
Educación Física,96
Historia,78
Matemáticas,63
Matemáticas,54
Educación Física,67
Educación Física,86
Ciencias,63
Ciencias,94
Ciencias,55
Lenguaje,74
Historia,56
Matemáticas,58
Lenguaje,65
Ciencias,60
Ciencias,94
Matemáticas,83
Matemáticas,59
Historia,76
Matemáticas,74
Matemáticas,93
Educación Física,51
Ciencias,61
Matemáticas,78
Historia,86
Ciencias,58
Matemáticas,98
Historia,86
Lenguaje,72
Historia,96
Historia,51
Educación Física,83
Ciencias,89
Matemáticas,84
Matemáticas,69
Lenguaje,65
Matemáticas,69
Educación Física,74
Historia,64
Ciencias,51
Ciencias,72
Ciencias,61
Lenguaje,85
Matemáticas,75
Lenguaje,75
Educación Física,90
Lenguaje,91
Historia,73
Matemáticas,87
Ciencias,85
Ciencias,54
Educación Física,64
Educación Física,65
Matemáticas,69
Matemáticas,50
Lenguaje,68
Ciencias,60
Historia,77
Educación Física,70
Lenguaje,54
Ciencias,81
Ciencias,78
Ciencias,100
Lenguaje,75
Matemáticas,79
Lenguaje,50
Lenguaje,82
Historia,51
Lenguaje,54
Educación Física,56
Historia,52
Ciencias,93
Ciencias,59
Historia,52
Ciencias,64
Historia,72
Historia,89
Educación Física,56
Educación Física,70
Matemáticas,62
Lenguaje,76
Ciencias,95
Educación Física,64
Matemáticas,84
Lenguaje,55
Educación Física,61
Historia,67
Historia,54
Historia,51
Educación Física,52
Educación Física,74
Ciencias,72
Historia,75
Matemáticas,74
Matemáticas,84
Educación Física,77
Matemáticas,81
Matemáticas,72
Educación Física,80
Lenguaje,50
Historia,60
Educación Física,89
Ciencias,54
Matemáticas,77
Historia,65
Educación Física,63
Educación Física,60
Educación Física,62
Historia,62
Historia,70
Lenguaje,91
Matemáticas,100
Historia,50
Historia,75
Matemáticas,81
Educación Física,75
Lenguaje,52
Educación Física,70
Historia,55
Historia,91
Ciencias,100
Historia,51
Educación Física,51
Lenguaje,74
Historia,63
Ciencias,76
Historia,96
Educación Física,64
Lenguaje,77
Lenguaje,68
Ciencias,91
Ciencias,52
Educación Física,89
Lenguaje,71
Ciencias,87
Historia,81
Educación Física,62
Lenguaje,63
Lenguaje,58
Matemáticas,67
Lenguaje,85
Lenguaje,53
Historia,92
Ciencias,66
Ciencias,79
Educación Física,89
Matemáticas,56
Ciencias,93
Matemáticas,50
Ciencias,83
Historia,63
Ciencias,75
Educación Física,100
Matemáticas,56
Matemáticas,95
Ciencias,100
Educación Física,74
Matemáticas,57
Lenguaje,98
Matemáticas,78
Educación Física,80
Ciencias,66
Ciencias,68
Historia,77
Ciencias,73
Educación Física,82
Historia,78
Historia,51
Educación Física,53
Historia,55
Historia,92
Lenguaje,86
Educación Física,90
Historia,52
Matemáticas,77
Educación Física,63
Lenguaje,84
Historia,55
Ciencias,96
Ciencias,88
Ciencias,90
Historia,66
Lenguaje,83
Ciencias,84
Historia,51
Matemáticas,87
Historia,69
Educación Física,57
Lenguaje,82
Educación Física,59
Ciencias,53
Educación Física,80
Educación Física,67
Educación Física,76
Lenguaje,74
Lenguaje,50
Matemáticas,86
Matemáticas,62
Educación Física,63
Matemáticas,97
Educación Física,99
Educación Física,82
Lenguaje,71
Ciencias,77
Ciencias,98
Matemáticas,52
Historia,80
Ciencias,87
Matemáticas,92
Educación Física,98
Educación Física,62
Lenguaje,76
Lenguaje,84
Lenguaje,79
Educación Física,86
Lenguaje,71
Educación Física,64
Historia,87
Historia,76
Matemáticas,78
Historia,62
Historia,53
Historia,63
Historia,50
Ciencias,52
Educación Física,80
Matemáticas,95
Ciencias,51
Historia,83
Historia,71
Matemáticas,66
Historia,86
Matemáticas,57
Lenguaje,58
Lenguaje,84
Lenguaje,50
Educación Física,88
Lenguaje,62
Matemáticas,81
Matemáticas,59
Ciencias,75
Lenguaje,84
Historia,59
Lenguaje,55
Educación Física,88
Historia,88
Ciencias,84
Lenguaje,91
Lenguaje,72
Lenguaje,77
Ciencias,79
Matemáticas,70
Ciencias,52
Educación Física,93
Lenguaje,88
Matemáticas,78
Lenguaje,59
Educación Física,60
Lenguaje,76
Educación Física,91
Matemáticas,78
Matemáticas,59
Ciencias,69
Historia,79
Lenguaje,51
Ciencias,89
Matemáticas,79
Matemáticas,98
Matemáticas,66
Educación Física,73
Matemáticas,75
Educación Física,67
Historia,71
Educación Física,90
Ciencias,66
Historia,81
Matemáticas,66
Ciencias,62
Historia,94
Ciencias,87
Educación Física,64
Historia,55
Historia,86
Matemáticas,93
Matemáticas,67
Educación Física,54
Historia,83
Matemáticas,97
Lenguaje,52
Matemáticas,86
Educación Física,74
Historia,89
Educación Física,78
Matemáticas,55
Ciencias,89
Matemáticas,95
Lenguaje,66
Educación Física,85
Ciencias,52
Ciencias,96
Educación Física,76
Historia,94
Ciencias,81
Educación Física,89
Historia,75
Lenguaje,82
Lenguaje,88
Matemáticas,74
Historia,57
Historia,82
Ciencias,98
Historia,81
Lenguaje,64
Matemáticas,78
Ciencias,81
Matemáticas,51
Historia,81
Educación Física,79
Historia,91
Lenguaje,83
Lenguaje,70
Ciencias,93
Matemáticas,62
Historia,88
Matemáticas,56
Matemáticas,94
Educación Física,65
Educación Física,76
Matemáticas,73
Matemáticas,60
Educación Física,76
Lenguaje,98
Historia,84
Matemáticas,75
Historia,73
Matemáticas,63
Matemáticas,58
Lenguaje,70
Historia,88
Ciencias,55
Historia,82
Ciencias,80
Lenguaje,75
Historia,73
Matemáticas,65
Lenguaje,91
Ciencias,88
Lenguaje,64
Lenguaje,90
Educación Física,60
Historia,91
Historia,80
Educación Física,57
Educación Física,90
Educación Física,60
Historia,84
Historia,90
Educación Física,80
Educación Física,91
Matemáticas,66
Ciencias,98
Ciencias,70
Lenguaje,85
Ciencias,53
Educación Física,97
Educación Física,87
Historia,56
Historia,66
Matemáticas,92
Matemáticas,62
Historia,59
Educación Física,58
Educación Física,54
Ciencias,78
Ciencias,52
Ciencias,64
Educación Física,86
Historia,86
Lenguaje,73
Matemáticas,79
Historia,74
Educación Física,70
Historia,92
Matemáticas,86
Ciencias,96
Historia,85
Historia,86
Ciencias,59
Ciencias,100
Lenguaje,85
Educación Física,93
Lenguaje,58
Lenguaje,74
Historia,96
Ciencias,94
Lenguaje,83
Lenguaje,74
Historia,98
Educación Física,81
Matemáticas,73
Historia,60
Lenguaje,56
Ciencias,52
Historia,61
Historia,73
Lenguaje,71
Educación Física,50
Ciencias,92
Educación Física,83
Matemáticas,68
Ciencias,88
Matemáticas,76
Educación Física,66
Ciencias,75
Historia,60
Matemáticas,79
Historia,85
Historia,56
Historia,94
Historia,63
Lenguaje,60
Educación Física,62
Matemáticas,55
Educación Física,50
Historia,65
Lenguaje,74
Ciencias,62
Matemáticas,51
Lenguaje,96
Historia,98
Historia,71
Historia,95
Educación Física,88
Lenguaje,51
Lenguaje,55
Historia,51
Ciencias,56
Educación Física,86
Educación Física,78
Matemáticas,58
Educación Física,75
Lenguaje,53
Educación Física,56
Matemáticas,91
Educación Física,76
Ciencias,58
Lenguaje,78
Matemáticas,65
Matemáticas,58
Historia,94
Lenguaje,50
Educación Física,60
Ciencias,94
Matemáticas,86
Historia,88
Historia,52
Matemáticas,95
Educación Física,82
Historia,91
Educación Física,80
Ciencias,94
Matemáticas,64
Educación Física,74
Historia,85
Matemáticas,73
Ciencias,64
Lenguaje,77
Historia,82
Matemáticas,63
Educación Física,67
Matemáticas,84
Ciencias,50
Matemáticas,99
Educación Física,75
Lenguaje,54
Matemáticas,51
Historia,53
Lenguaje,50
Ciencias,52
Matemáticas,83
Educación Física,55
Educación Física,84
Educación Física,92
Lenguaje,52
Historia,87
Historia,83
Historia,59
Historia,61
Historia,51
Historia,94
Ciencias,91
Matemáticas,75
Matemáticas,60
Ciencias,80
Historia,59
Lenguaje,87
Lenguaje,72
Lenguaje,76
Educación Física,96
Educación Física,50
Educación Física,94
Educación Física,92
Educación Física,70
Matemáticas,69
Ciencias,86
Lenguaje,66
Lenguaje,92
Ciencias,76
Ciencias,61
Historia,79
Lenguaje,79
Ciencias,84
Lenguaje,64
Ciencias,65
Ciencias,57
Historia,89
Historia,95
Lenguaje,63
Educación Física,99
Ciencias,54
Lenguaje,68
Educación Física,66
Educación Física,55
Educación Física,93
Historia,66
Matemáticas,86
Educación Física,71
Historia,53
Historia,78
Educación Física,85
Matemáticas,73
Ciencias,58
Educación Física,59
Ciencias,60
Lenguaje,61
Ciencias,62
Educación Física,93
Matemáticas,88
Lenguaje,78
Historia,66
Historia,61
Lenguaje,95
Matemáticas,54
Lenguaje,84
Matemáticas,99
Ciencias,75
Lenguaje,87
Historia,55
Lenguaje,69
Matemáticas,80
Ciencias,96
Historia,57
Historia,58
Matemáticas,87
Historia,91
Ciencias,86
Ciencias,86
Matemáticas,84
Matemáticas,86
Ciencias,67
Matemáticas,99
Educación Física,90
Educación Física,72
Lenguaje,95
Matemáticas,75
Ciencias,89
Ciencias,81
Ciencias,63
Educación Física,99
Matemáticas,86
Ciencias,50
Matemáticas,93
Ciencias,84
Educación Física,52
Ciencias,51
Matemáticas,88
Educación Física,74
Historia,66
Educación Física,84
Historia,88
Ciencias,77
Historia,57
Lenguaje,50
Lenguaje,96
Lenguaje,56
Educación Física,93
Ciencias,53
Historia,82
Matemáticas,95
Historia,90
Matemáticas,53
Historia,79
Educación Física,66
Historia,100
Historia,67
Educación Física,83
Lenguaje,63
Historia,98
Lenguaje,58
Lenguaje,100
Historia,81
Educación Física,74
Educación Física,95
Historia,70
Historia,87
Historia,53
Ciencias,51
Historia,53
Educación Física,51
Historia,80
Historia,75
Ciencias,83
Educación Física,69
Educación Física,81
Historia,93
Lenguaje,95
Educación Física,66
Lenguaje,83
Matemáticas,61
Lenguaje,72
Lenguaje,50
Lenguaje,65
Historia,51
Ciencias,54
Lenguaje,72
Historia,60
Matemáticas,86
Matemáticas,88
Educación Física,79
Educación Física,56
Matemáticas,66
Matemáticas,70
Matemáticas,63
Educación Física,79
Matemáticas,79
Historia,65
Matemáticas,52
Historia,64
Matemáticas,71
Matemáticas,93
Ciencias,87
Historia,69
Ciencias,64
Educación Física,78
Ciencias,98
Historia,67
Lenguaje,79
Educación Física,72
Ciencias,51
Educación Física,62
Lenguaje,56
Matemáticas,67
Lenguaje,68
Ciencias,50
Educación Física,89
Historia,71
Educación Física,81
Historia,81
Lenguaje,62
Matemáticas,79
Lenguaje,92
Lenguaje,64
Historia,85
Historia,60
Matemáticas,55
Lenguaje,60
Lenguaje,77
Educación Física,55
Ciencias,56
Ciencias,98
Ciencias,69
Lenguaje,82
Matemáticas,83
